graph,n,m,density,avg_degree,max_degree,min_degree,std_degree,degree_skewness,degree_gini,max_over_avg_degree,degeneracy,avg_core,std_core,num_core_levels,frac_in_max_core,degeneracy_over_avg_deg,max_forward_degree,std_forward_degree
data_test,15,26,0.24761905,3.4667,5,2,1.0873,0.2411,0.1718,1.4423,3,2.8,0.4,2,0.8,0.8654,3,0.8537
data_test1,5,8,0.8,3.2,4,2,0.7483,-0.3436,0.125,1.25,3,2.8,0.4,2,0.8,0.9375,3,1.0198
data_test10,10,16,0.35555556,3.2,4,1,1.077,-0.8837,0.1688,1.25,2,1.9,0.3,2,0.9,0.625,3,0.8
data_test11,6,12,0.8,4.0,4,4,0.0,0.0,0.0,1.0,4,4.0,0.0,1,1.0,1.0,4,1.5275
data_test12,6,12,0.8,4.0,5,3,0.5774,0.0,0.0694,1.25,3,3.0,0.0,1,1.0,0.75,4,1.291
data_test13,5,6,0.6,2.4,4,1,1.0198,0.2715,0.2333,1.6667,2,1.8,0.4,2,0.8,0.8333,3,1.1662
data_test2,5,7,0.7,2.8,4,2,0.7483,0.3436,0.1429,1.4286,2,2.0,0.0,1,1.0,0.7143,2,0.8
data_test3,10,16,0.35555556,3.2,5,2,0.9798,0.2296,0.1688,1.5625,3,2.4,0.4899,2,0.4,0.9375,3,1.1136
data_test5,7,9,0.42857143,2.5714,4,1,0.9035,-0.2135,0.1905,1.5556,2,1.8571,0.3499,2,0.8571,0.7778,2,0.6999
data_test6,9,12,0.33333333,2.6667,4,2,0.6667,0.5,0.1296,1.5,2,2.0,0.0,1,1.0,0.75,2,0.8165
data_test7,10,15,0.33333333,3.0,4,2,0.7746,0.0,0.14,1.3333,2,2.0,0.0,1,1.0,0.6667,3,0.922
data_test8,10,14,0.31111111,2.8,4,1,0.9798,-0.2296,0.1929,1.4286,2,1.9,0.3,2,0.9,0.7143,2,0.6633
data_test9,10,14,0.31111111,2.8,4,1,0.8718,-0.5071,0.1643,1.4286,2,1.9,0.3,2,0.9,0.7143,2,0.6633
gen_big_000,98,181,0.03808121,3.6939,12,0,3.8846,0.5784,0.5701,3.2486,9,3.2959,3.4351,8,0.102,2.4365,9,2.3271
gen_big_001,130,93,0.01109123,1.4308,5,0,1.2523,0.8152,0.4719,3.4946,2,0.9923,0.7285,3,0.2615,1.3978,4,0.8525
gen_big_002,158,257,0.02072079,3.2532,9,0,1.8587,0.468,0.3194,2.7665,2,1.7405,0.5178,3,0.7785,0.6148,6,1.6128
gen_big_003,84,130,0.03729203,3.0952,9,0,1.777,0.8108,0.3125,2.9077,2,1.7857,0.4647,3,0.8095,0.6462,6,1.4176
gen_big_004,93,231,0.05399719,4.9677,10,1,1.9535,0.0798,0.2215,2.013,3,2.828,0.478,3,0.871,0.6039,10,1.9708
gen_big_005,123,649,0.08649873,10.5528,19,3,2.8803,-0.0698,0.1524,1.8005,7,6.7967,0.6621,5,0.8943,0.6633,13,3.4294
gen_big_006,175,87,0.00571429,0.9943,4,0,1.061,0.9587,0.5608,4.023,1,0.5943,0.491,2,0.5943,1.0057,4,0.8272
gen_big_007,143,134,0.01319807,1.8741,7,0,1.4036,0.7249,0.4061,3.7351,2,1.2308,0.7356,3,0.4126,1.0672,4,0.991
gen_big_008,176,314,0.02038961,3.5682,8,0,1.7307,0.3585,0.2712,2.242,3,2.1364,0.6249,4,0.2557,0.8408,6,1.331
gen_big_009,177,543,0.03486133,6.1356,17,1,2.4687,0.7746,0.2183,2.7707,4,3.7627,0.592,4,0.8305,0.6519,8,2.0045
gen_big_010,118,190,0.02752426,3.2203,11,0,3.4864,0.7321,0.5756,3.4158,9,2.8814,3.2656,9,0.0847,2.7947,9,2.1394
gen_big_011,128,689,0.0847687,10.7656,19,4,2.9114,0.111,0.1532,1.7649,7,6.875,0.4507,4,0.9141,0.6502,17,3.4689
gen_big_012,95,30,0.00671892,0.6316,3,0,0.7116,0.8448,0.5744,4.75,1,0.5053,0.5,2,0.5053,1.5833,2,0.548
gen_big_013,139,130,0.01355437,1.8705,8,0,1.4134,1.3153,0.3904,4.2769,2,1.2878,0.6916,3,0.4245,1.0692,4,0.8414
gen_big_014,176,291,0.0188961,3.3068,11,0,1.7797,0.7538,0.2926,3.3265,3,1.9773,0.6392,4,0.1591,0.9072,7,1.314
gen_big_015,119,231,0.0329013,3.8824,8,0,1.7256,0.2016,0.2506,2.0606,3,2.5294,0.6459,4,0.605,0.7727,6,1.3738
gen_big_016,173,795,0.0534346,9.1908,18,3,2.9236,0.3695,0.1787,1.9585,6,5.8266,0.5311,4,0.8786,0.6528,14,2.9107
gen_big_017,174,1281,0.08511062,14.7241,25,5,3.4381,0.2607,0.1304,1.6979,10,9.908,0.5281,5,0.954,0.6792,19,4.6202
gen_big_018,107,22,0.00387939,0.4112,3,0,0.6829,1.7308,0.74,7.2955,1,0.3178,0.4656,2,0.3178,2.4318,2,0.4266
gen_big_019,105,69,0.01263736,1.3143,4,0,0.9886,0.463,0.4072,3.0435,2,0.8381,0.4806,3,0.0476,1.5217,3,0.8488
gen_big_020,158,236,0.01902765,2.9873,12,0,3.407,1.069,0.5911,4.0169,9,2.462,2.9396,8,0.0633,3.0127,9,1.9833
gen_big_021,103,166,0.03160099,3.2233,7,0,1.5699,0.1249,0.2744,2.1717,2,1.7864,0.4329,3,0.7961,0.6205,5,1.2404
gen_big_022,130,484,0.05772212,7.4462,13,1,2.6662,-0.0448,0.2033,1.7459,5,4.6846,0.7342,5,0.8077,0.6715,10,2.3006
gen_big_023,116,603,0.0904048,10.3966,18,3,2.8036,0.1424,0.1516,1.7313,7,6.8621,0.5708,4,0.9224,0.6733,18,3.6583
gen_big_024,150,64,0.00572707,0.8533,5,0,0.9193,1.1176,0.5554,5.8594,1,0.5733,0.4946,2,0.5733,1.1719,3,0.6767
gen_big_025,143,137,0.01349355,1.9161,6,0,1.2874,0.5498,0.3685,3.1314,2,1.2937,0.6672,3,0.4126,1.0438,4,0.8997
gen_big_026,99,100,0.02061431,2.0202,6,0,1.3407,0.7427,0.3583,2.97,2,1.3838,0.6622,3,0.4848,0.99,4,0.9898
gen_big_027,167,464,0.03347522,5.5569,14,0,2.6003,0.3561,0.261,2.5194,4,3.5269,0.9078,5,0.7305,0.7198,9,2.0161
gen_big_028,108,324,0.05607477,6.0,12,1,2.2567,0.3287,0.2098,2.0,4,3.75,0.5794,4,0.8148,0.6667,11,2.1985
gen_big_029,146,877,0.08285309,12.0137,24,5,3.2708,0.4693,0.1503,1.9977,8,7.8288,0.5534,4,0.8904,0.6659,19,3.9734
gen_medium_000,59,184,0.10753945,6.2373,11,2,1.9427,0.4824,0.1728,1.7636,4,3.9492,0.2866,3,0.9661,0.6413,10,2.9232
gen_medium_001,59,107,0.06253653,3.6271,10,0,3.2516,0.311,0.5006,2.757,7,2.9661,2.6036,8,0.1356,1.9299,7,1.9176
gen_medium_002,47,68,0.06290472,2.8936,6,0,1.6142,0.0513,0.3154,2.0735,2,1.6809,0.5873,3,0.7447,0.6912,4,1.1994
gen_medium_003,47,126,0.11655874,5.3617,10,2,2.148,0.557,0.2241,1.8651,4,3.5106,0.5788,3,0.5532,0.746,7,1.5859
gen_medium_004,43,191,0.21151717,8.8837,14,5,2.4036,0.4283,0.1524,1.5759,6,5.9302,0.2548,2,0.9302,0.6754,11,2.8144
gen_medium_005,36,194,0.30793651,10.7778,15,6,2.2374,-0.1673,0.1168,1.3918,8,7.8333,0.441,3,0.8611,0.7423,12,3.1909
gen_medium_006,50,16,0.01306122,0.64,3,0,0.794,0.974,0.6288,4.6875,1,0.46,0.4984,2,0.46,1.5625,2,0.581
gen_medium_007,41,28,0.03414634,1.3659,4,0,1.2249,0.6302,0.4904,2.9286,2,0.8049,0.5934,3,0.0976,1.4643,4,0.8955
gen_medium_008,57,119,0.0745614,4.1754,9,0,1.9746,0.2204,0.2665,2.1555,3,2.6491,0.662,4,0.7368,0.7185,6,1.525
gen_medium_009,45,111,0.11212121,4.9333,9,0,2.0044,0.0088,0.2266,1.8243,3,2.8,0.5812,4,0.8667,0.6081,8,2.6466
gen_medium_010,47,86,0.07955597,3.6596,8,0,2.9193,-0.0317,0.4476,2.186,7,3.383,2.7254,7,0.1702,1.9128,7,2.0034
gen_medium_011,37,199,0.2987988,10.7568,18,3,2.8131,0.2855,0.138,1.6734,8,7.7027,0.8657,3,0.8108,0.7437,14,3.5516
gen_medium_012,32,11,0.02217742,0.6875,2,0,0.7262,0.5546,0.554,2.9091,1,0.5312,0.499,2,0.5312,1.4545,2,0.5367
gen_medium_013,43,39,0.04318937,1.814,5,0,1.2805,0.4168,0.3912,2.7564,2,1.3023,0.7325,3,0.4651,1.1026,4,0.96
gen_medium_014,48,77,0.06826241,3.2083,9,0,1.8925,1.0269,0.3133,2.8052,3,2.1458,0.7903,4,0.3542,0.9351,4,1.1317
gen_medium_015,37,67,0.1006006,3.6216,6,1,1.4769,0.0135,0.2263,1.6567,3,2.5405,0.7202,3,0.6757,0.8284,5,1.3119
gen_medium_016,56,323,0.20974026,11.5357,20,7,2.6923,0.6085,0.1289,1.7337,8,7.9286,0.2575,2,0.9286,0.6935,14,3.6154
gen_medium_017,46,319,0.30821256,13.8696,21,7,3.4428,0.069,0.1411,1.5141,10,9.6522,0.6984,4,0.7609,0.721,13,3.8527
gen_medium_018,42,97,0.1126597,4.619,9,1,2.0113,-0.0337,0.2445,1.9485,4,3.2619,1.0014,4,0.5714,0.866,6,1.7387
gen_medium_019,35,83,0.1394958,4.7429,8,0,2.781,-0.754,0.3143,1.6867,7,4.3143,2.5385,6,0.2286,1.4759,7,2.1658
gen_medium_020,50,95,0.07755102,3.8,7,0,1.8762,-0.218,0.28,1.8421,3,2.52,0.8542,4,0.72,0.7895,6,1.5395
gen_medium_021,36,84,0.13333333,4.6667,8,1,1.8257,-0.1035,0.2209,1.7143,3,2.8333,0.5,3,0.8889,0.6429,6,1.8257
gen_medium_022,30,86,0.19770115,5.7333,10,2,2.1124,0.1403,0.2066,1.7442,4,3.7,0.6403,3,0.8,0.6977,7,1.8571
gen_medium_023,31,154,0.3311828,9.9355,14,6,2.2423,-0.1425,0.1263,1.4091,7,6.8387,0.3678,2,0.8387,0.7045,10,2.9125
gen_medium_024,54,19,0.01327743,0.7037,3,0,0.7361,0.8085,0.537,4.2632,1,0.5556,0.4969,2,0.5556,1.4211,3,0.671
gen_medium_025,56,41,0.02662338,1.4643,6,0,1.3224,1.0965,0.4756,4.0976,2,0.8929,0.6458,3,0.1607,1.3659,3,0.8962
gen_medium_026,49,86,0.07312925,3.5102,8,0,1.8196,0.2986,0.2909,2.2791,3,2.2653,0.7498,4,0.4286,0.8547,5,1.2043
gen_medium_027,38,84,0.11948791,4.4211,9,1,1.8586,0.2843,0.2359,2.0357,3,2.7105,0.5082,3,0.7368,0.6786,7,2.0152
gen_medium_028,47,95,0.08788159,4.0426,9,0,3.1553,-0.1082,0.4383,2.2263,7,3.4468,2.6881,7,0.1702,1.7316,7,2.0052
gen_medium_029,35,206,0.34621849,11.7714,17,7,2.2308,0.2415,0.106,1.4442,9,8.9143,0.3681,3,0.9429,0.7646,15,3.454
gen_small_000,14,30,0.32967033,4.2857,6,3,1.0302,0.584,0.1262,1.4,4,3.7143,0.4518,2,0.7143,0.9333,4,1.2454
gen_small_001,20,18,0.09473684,1.8,6,0,1.3638,1.5469,0.3667,3.3333,2,1.25,0.5362,3,0.3,1.1111,3,0.7681
gen_small_002,19,31,0.18128655,3.2632,6,1,1.3315,0.046,0.2275,1.8387,2,1.8947,0.3069,2,0.8947,0.6129,5,1.3845
gen_small_003,25,112,0.37333333,8.96,13,4,2.5687,-0.2105,0.1625,1.4509,7,6.56,0.898,4,0.76,0.7812,8,2.3344
gen_small_004,25,165,0.55,13.2,18,8,2.4166,-0.0476,0.1035,1.3636,10,9.92,0.3919,2,0.96,0.7576,16,4.3543
gen_small_005,24,212,0.76811594,17.6667,22,13,2.6087,-0.0558,0.0845,1.2453,14,13.7917,0.4061,2,0.7917,0.7925,15,4.6518
gen_small_006,19,5,0.02923977,0.5263,3,0,0.8188,1.6416,0.7158,5.7,1,0.3684,0.4824,2,0.3684,1.9,2,0.547
gen_small_007,16,11,0.09166667,1.375,3,0,1.111,0.3162,0.4432,2.1818,2,1.0625,0.7474,3,0.3125,1.4545,2,0.6818
gen_small_008,18,26,0.16993464,2.8889,7,0,1.696,0.379,0.3184,2.4231,2,1.7222,0.6503,3,0.8333,0.6923,5,1.3833
gen_small_009,15,30,0.28571429,4.0,6,1,1.2649,-0.5929,0.1622,1.5,3,2.8,0.5416,3,0.8667,0.75,4,1.3663
gen_small_010,22,34,0.14718615,3.0909,6,0,1.9048,-0.4853,0.3409,1.9412,5,2.9545,1.8703,5,0.2727,1.6176,5,1.5588
gen_small_011,17,101,0.74264706,11.8824,15,10,1.5674,0.3784,0.0734,1.2624,10,10.0,0.0,1,1.0,0.8416,13,3.5723
gen_small_012,22,3,0.01298701,0.2727,2,0,0.5378,1.8545,0.803,7.3333,1,0.2273,0.4191,2,0.2273,3.6667,1,0.3432
gen_small_013,21,19,0.09047619,1.8095,4,0,1.2196,0.2099,0.3759,2.2105,2,1.2857,0.6999,3,0.4286,1.1053,2,0.7499
gen_small_014,19,31,0.18128655,3.2632,7,0,1.6493,0.3502,0.2767,2.1452,2,1.8421,0.4881,3,0.8947,0.6129,4,1.3063
gen_small_015,22,89,0.38528139,8.0909,13,5,1.9979,0.4219,0.1374,1.6067,6,5.8636,0.3432,2,0.8636,0.7416,8,2.1633
gen_small_016,13,52,0.66666667,8.0,10,5,1.4142,-0.6527,0.0947,1.25,6,5.9231,0.2665,2,0.9231,0.75,8,2.5115
gen_small_017,24,207,0.75,17.25,22,13,2.2592,-0.1382,0.0737,1.2754,13,13.0,0.0,1,1.0,0.7536,17,5.1138
gen_small_018,18,4,0.02614379,0.4444,2,0,0.5984,0.9925,0.6528,4.5,1,0.3889,0.4875,2,0.3889,2.25,1,0.4157
gen_small_019,25,24,0.08,1.92,4,0,1.2937,0.1488,0.3783,2.0833,2,1.36,0.7419,3,0.52,1.0417,3,0.8709
gen_small_020,15,32,0.3047619,4.2667,6,3,0.8537,0.1038,0.1083,1.4062,5,4.1333,0.8055,3,0.4,1.1719,5,1.4545
gen_small_021,23,89,0.35177866,7.7391,12,2,2.4356,-0.4539,0.1759,1.5506,6,5.3913,0.9664,4,0.6087,0.7753,8,2.3647
gen_small_022,19,101,0.59064327,10.6316,14,7,1.9791,0.0693,0.1058,1.3168,8,7.9474,0.2233,2,0.9474,0.7525,13,3.8533
gen_small_023,24,204,0.73913043,17.0,21,13,2.2174,0.0229,0.0737,1.2353,14,13.9583,0.1998,2,0.9583,0.8235,17,5.1478
gen_small_024,17,2,0.01470588,0.2353,2,0,0.5455,2.2494,0.8529,8.5,1,0.1765,0.3812,2,0.1765,4.25,2,0.4706
gen_small_025,15,7,0.06666667,0.9333,3,0,0.8537,0.7704,0.4762,3.2143,1,0.6667,0.4714,2,0.6667,1.0714,1,0.4989
gen_small_026,25,60,0.2,4.8,10,2,1.8974,0.6395,0.218,2.0833,3,2.92,0.2713,2,0.92,0.625,8,2.1166
gen_small_027,21,81,0.38571429,7.7143,12,2,2.2284,-0.7751,0.1534,1.5556,6,5.619,0.9989,3,0.8571,0.7778,9,2.6419
gen_small_028,16,72,0.6,9.0,12,5,1.7678,-0.6109,0.1059,1.3333,7,6.6875,0.583,3,0.75,0.7778,8,2.5981
gen_small_029,14,75,0.82417582,10.7143,12,9,1.0302,-0.192,0.0533,1.12,9,9.0,0.0,1,1.0,0.84,9,3.1078
gen_tiny_000,9,0,0.0,0.0,0,0,0.0,0.0,0.0,0.0,0,0.0,0.0,1,1.0,0.0,0,0.0
gen_tiny_001,9,2,0.05555556,0.4444,1,0,0.4969,0.2236,0.5556,2.25,1,0.4444,0.4969,2,0.4444,2.25,1,0.4157
gen_tiny_002,10,6,0.13333333,1.2,2,0,0.7483,-0.3436,0.3333,1.6667,1,0.8,0.4,2,0.8,0.8333,2,0.6633
gen_tiny_003,6,6,0.4,2.0,3,1,0.5774,0.0,0.1389,1.5,2,1.8333,0.3727,2,0.8333,1.0,2,0.8165
gen_tiny_004,12,33,0.5,5.5,8,3,1.6583,-0.3837,0.1667,1.4545,4,3.75,0.433,2,0.75,0.7273,6,1.7854
gen_tiny_005,7,17,0.80952381,4.8571,6,4,0.833,0.2724,0.0924,1.2353,4,4.0,0.0,1,1.0,0.8235,6,1.9166
gen_tiny_006,7,21,1.0,6.0,6,6,0.0,0.0,0.0,1.0,6,6.0,0.0,1,1.0,1.0,6,2.0
gen_tiny_007,12,0,0.0,0.0,0,0,0.0,0.0,0.0,0.0,0,0.0,0.0,1,1.0,0.0,0,0.0
gen_tiny_008,12,4,0.06060606,0.6667,2,0,0.6236,0.3818,0.4792,3.0,1,0.5833,0.493,2,0.5833,1.5,1,0.4714
gen_tiny_009,12,7,0.10606061,1.1667,3,0,0.8975,0.3586,0.4167,2.5714,1,0.75,0.433,2,0.75,0.8571,2,0.7592
gen_tiny_010,12,19,0.28787879,3.1667,6,2,1.3437,0.9312,0.2193,1.8947,2,2.0,0.0,1,1.0,0.6316,5,1.3819
gen_tiny_011,5,4,0.4,1.6,2,1,0.4899,-0.4082,0.15,1.25,1,1.0,0.0,1,1.0,0.625,1,0.4
gen_tiny_012,7,18,0.85714286,5.1429,6,4,0.833,-0.2724,0.0873,1.1667,4,4.0,0.0,1,1.0,0.7778,6,1.8406
gen_tiny_013,8,26,0.92857143,6.5,7,5,0.7071,-1.0607,0.0529,1.0769,6,5.875,0.3307,2,0.875,0.9231,6,1.9843
gen_tiny_014,8,0,0.0,0.0,0,0,0.0,0.0,0.0,0.0,0,0.0,0.0,1,1.0,0.0,0,0.0
gen_tiny_015,12,2,0.03030303,0.3333,1,0,0.4714,0.7071,0.6667,3.0,1,0.3333,0.4714,2,0.3333,3.0,1,0.3727
gen_tiny_016,6,3,0.2,1.0,2,0,0.5774,0.0,0.2778,2.0,1,0.8333,0.3727,2,0.8333,1.0,1,0.5
gen_tiny_017,6,4,0.26666667,1.3333,3,0,1.1055,0.0548,0.4583,2.25,2,1.1667,0.8975,3,0.5,1.5,2,0.7454
gen_tiny_018,11,25,0.45454545,4.5455,6,3,0.782,-0.1508,0.0909,1.32,3,3.0,0.0,1,1.0,0.66,5,1.7628
gen_tiny_019,12,48,0.72727273,8.0,9,7,0.7071,0.0,0.0469,1.125,7,7.0,0.0,1,1.0,0.875,9,2.8868
gen_tiny_020,11,53,0.96363636,9.6364,10,8,0.6428,-1.5443,0.0292,1.0377,9,8.9091,0.2875,2,0.9091,0.934,9,2.9176
gen_tiny_021,7,0,0.0,0.0,0,0,0.0,0.0,0.0,0.0,0,0.0,0.0,1,1.0,0.0,0,0.0
gen_tiny_022,5,0,0.0,0.0,0,0,0.0,0.0,0.0,0.0,0,0.0,0.0,1,1.0,0.0,0,0.0
gen_tiny_023,7,1,0.04761905,0.2857,1,0,0.4518,0.9487,0.7143,3.5,1,0.2857,0.4518,2,0.2857,3.5,1,0.3499
gen_tiny_024,10,12,0.26666667,2.4,6,1,1.3565,1.6539,0.2667,2.5,2,1.7,0.4583,2,0.7,0.8333,2,0.6
gen_tiny_025,11,25,0.45454545,4.5455,6,2,1.3727,-0.4113,0.1673,1.32,4,3.6364,0.6428,3,0.7273,0.88,4,1.1355
gen_tiny_026,11,44,0.8,8.0,9,7,0.7385,0.0,0.0496,1.125,7,7.0,0.0,1,1.0,0.875,9,2.6968
gen_tiny_027,9,34,0.94444444,7.5556,8,6,0.6849,-1.238,0.0425,1.0588,7,6.8889,0.3143,2,0.8889,0.9265,7,2.2987
gen_tiny_028,6,0,0.0,0.0,0,0,0.0,0.0,0.0,0.0,0,0.0,0.0,1,1.0,0.0,0,0.0
gen_tiny_029,7,1,0.04761905,0.2857,1,0,0.4518,0.9487,0.7143,3.5,1,0.2857,0.4518,2,0.2857,3.5,1,0.3499
